email,first_name,last_name,datetime
ona.beckham1401@hotmail.com,ona,beckham,4/19/17 20:21
kristin.osborne925@yahoo.com,kristin,osborne,4/17/17 20:21
holly.malcom528@outlook.com,holly,malcom,4/3/17 20:21
gretta.light968@comcast.net,gretta,light,4/21/17 20:21
megan.light1085@hotmail.com,megan,light,4/5/17 20:21
patricia.hutchins1766@gmail.com,patricia,hutchins,4/11/17 20:21
mike.hogg794@gmail.com,mike,hogg,4/4/17 20:21
regan.george1880@hotmail.com,regan,george,4/17/17 20:21
ed.miller889@verizon.net,ed,miller,4/18/17 20:21
bill.powers1599@aol.com,bill,powers,4/17/17 20:21
james.smith697@aolcom,james,smith,4/14/17 20:21
josh.hutchins1236@verizon,josh,hutchins,3/30/17 20:21
BILL.MALCOM1072@YAHOO.COM,bill,malcom,4/21/17 20:21
ida.osborne1069@hotmail.com,ida,osborne,4/8/17 20:21
elizabeth.dawson954@verizon.net,elizabeth,dawson,4/8/17 20:21
jerry.malcom1949@yahoo.com,jerry,malcom,4/14/17 20:21
justin.patrick348@outlook.com,justin,patrick,4/20/17 20:21
tenly.smith230@outlook.com,tenly,smith,4/15/17 20:21
justin.hauser750@outlook.com,justin,hauser,4/18/17 20:21
rick.courtney1234@gmail.com,rick,courtney,4/19/17 20:21
ed.light1028@outlook.com,ed,light,4/26/17 20:21
dave.george721@comcast.net,dave,george,3/31/17 20:21
james.bianchi1079@comcast.net,james,bianchi,4/10/17 20:21
ida.height1035@aol.com,ida,height,4/6/17 20:21
catherine.shelly32@outlook.com,catherine,shelly,4/12/17 20:21
john.shelly906@gmail.com,john,shelly,4/15/17 20:21
francis.light1750@outlook.com,francis,light,4/2/17 20:21
josh.height926@hotmail.com,josh,height,4/26/17 20:21
tenly.powers74@yahoo.com,tenly,powers,4/27/17 20:21
jolene.hutchins1264@hotmail.com,jolene,hutchins,4/12/17 20:21
rick.baer1327@aol.com,rick,baer,4/14/17 20:21
bill.powers1318@gmail.com,bill,powers,4/27/17 20:21
megan.powers581@outlook.com,megan,powers,4/11/17 20:21
norah.gill1147@gmail.com,norah,gill,4/13/17 20:21
ona.george652@outlook.com,ona,george,4/4/17 20:21
gretta.hutchins179@comcast.net,gretta,hutchins,4/1/17 20:21
kristin.hutchins1994@yahoo.com,kristin,hutchins,4/16/17 20:21
patricia.courtney1822@verizon.net,patricia,courtney,4/2/17 20:21
jerry.malcom1696@aol.com,jerry,malcom,3/29/17 20:21
jason.hogg1950@verizon.net,jason,hogg,4/13/17 20:21
melissa.ford1124@outlook.com,melissa,ford,4/27/17 20:21
kristin.hauser1174@comcast.net,kristin,hauser,4/10/17 20:21
ed.pederson1855@comcast.net,ed,pederson,3/30/17 20:21
lauren.hutchins1180@hotmail.com,lauren,hutchins,4/3/17 20:21
ona.light1572@verizon.net,ona,light,4/20/17 20:21
melissa.grace311@yahoo.com,melissa,grace,4/7/17 20:21
rick.light217@yahoo.com,rick,light,4/27/17 20:21
michelle.bender401@hotmail.com,michelle,bender,4/20/17 20:21
jolene.patrick205@gmail.com,jolene,patrick,4/16/17 20:21
dave.jackson1547@aol.com,dave,jackson,4/22/17 20:21
elizabeth.osborne1932@hotmail.com,elizabeth,osborne,4/16/17 20:21
elizabeth.malcom1495@verizon.net,elizabeth,malcom,4/19/17 20:21
dylan.bianchi1439@yahoo.com,dylan,bianchi,4/12/17 20:21
jason.powers492@comcast.net,jason,powers,4/3/17 20:21
kristin.ford1855@comcast.net,kristin,ford,4/19/17 20:21
greg.gill1353@verizon.net,greg,gill,4/15/17 20:21
amy.dawson754@outlook.com,amy,dawson,4/8/17 20:21
jerry.light779@comcast.net,jerry,light,4/2/17 20:21
josh.shelly2007comcast.net,josh,shelly,4/27/17 20:21
catherine.light199@hotmail.com,catherine,light,4/11/17 20:21
melissa.pederson992@outlook.com,melissa,pederson,4/1/17 20:21
mike.shelly88@gmail.com,mike,shelly,4/17/17 20:21
jason.light1172@yahoo.com,jason,light,4/22/17 20:21
megan.courtney870@gmail.com,megan,courtney,4/4/17 20:21
iDA.MILLER544@HOTMAIL.COM,ida,miller,4/15/17 20:21
beth.baer1370@gmail.com,beth,baer,4/5/17 20:21
jerry.height562@comcast.net,jerry,height,4/14/17 20:21
jason.dawson1941@comcast.net,jason,dawson,4/1/17 20:21
MELISSA.POWERS1399@VERIZON.NET,melissa,powers,4/8/17 20:21
bill.malcom2007@outlook.com,bill,malcom,4/10/17 20:21
mike.pederson842@hotmail.com,mike,pederson,4/17/17 20:21
ed.miller637@hotmail.com,ed,miller,4/16/17 20:21
violet.manning1528@hotmail.com,violet,manning,4/16/17 20:21
dave.bianchi1959@comcast.net,dave,bianchi,4/17/17 20:21
francis.light1077@verizon.net,francis,light,4/12/17 20:21
justin.smith624@aol.com,justin,smith,4/10/17 20:21
lauren.dawson894@comcast.net,lauren,dawson,4/6/17 20:21
justin.shelly840@yahoo.com,justin,shelly,4/5/17 20:21
mike.bianchi207@gmail.com,mike,bianchi,4/27/17 20:21
tenly.baer447@yahoo.com,tenly,baer,4/2/17 20:21
justin.bianchi1339@outlook.com,justin,bianchi,4/16/17 20:21
tenly.beckham1783@yahoo.com,tenly,beckham,4/9/17 20:21
rick.dawson1988@aol.com,rick,dawson,4/21/17 20:21
nick.powers1391@gmail.com,nick,powers,4/5/17 20:21
beth.ford1185@yahoo.com,beth,ford,4/19/17 20:21
bill.grace903@yahoo.com,bill,grace,4/19/17 20:21
ida.manning1870@comcast.net,ida,manning,3/30/17 20:21
greg.bender889@yahoo.com,greg,bender,4/27/17 20:21
john.baer1449@yahoo.com,john,baer,4/11/17 20:21
melissa.osborne340@comcast.net,melissa,osborne,4/6/17 20:21
jolene.dawson1892@verizon.net,jolene,dawson,4/18/17 20:21
regan.osborne341@gmail.com,regan,osborne,4/13/17 20:21
kristin.hutchins1994@yahoo.com,kristin,hutchins,4/16/17 20:21
patricia.pederson744@yahoo.com,patricia,pederson,4/16/17 20:21
rick.pederson1478@verizon.net,rick,pederson,4/4/17 20:21
AMY.HOGG1736@AOL.Com,amy,hogg,4/8/17 20:21
tenly.dawson498@verizon.net,tenly,dawson,4/7/17 20:21
patricia.ford1169@yahoo.com,patricia,ford,4/21/17 20:21
jolene.miller1409@gmail.com,jolene,miller,4/26/17 20:21
jason.light1172@yahoo.com,jason,light,4/22/17 20:21
ona.jackson229@yahoo.com,ona,jackson,4/1/17 20:21
dylan.shelly1758@outlook.com,dylan,shelly,4/3/17 20:21
,,,